Division,PA House,PA Senate,Phila City Council,US Congressional 113
101,184,1,1,1
102,184,1,1,1
103,184,1,1,1
104,184,1,1,1
105,184,1,1,1
106,184,1,1,1
107,184,1,1,1
108,184,1,1,1
109,184,1,1,1
110,184,1,1,1
111,184,1,1,1
112,184,1,1,1
113,184,1,1,1
114,184,1,1,1
115,184,1,1,1
116,184,1,1,1
117,184,1,1,1
118,184,1,1,1
119,184,1,1,1
120,184,1,1,1
121,184,1,1,1
201,175,1,1,1
202,182,1,1,1
203,182,1,1,1
204,182,1,1,1
205,182,1,1,1
206,182,1,1,1
207,182,1,1,1
208,182,1,1,1
209,182,1,2,1
210,182,1,1,1
211,182,1,1,1
212,182,1,1,1
213,182,1,1,1
214,182,1,1,1
215,175,1,1,1
216,175,1,1,1
217,182,1,1,1
218,182,1,1,1
219,182,1,2,1
220,182,1,2,1
221,182,1,2,1
222,182,1,2,1
223,182,1,1,1
224,182,1,1,1
225,175,1,1,1
226,175,1,1,1
227,175,1,1,1
301,191,8,3,1
302,191,8,3,1
303,191,8,3,1
304,191,8,3,1
305,191,8,3,1
306,191,8,3,1
307,191,8,3,1
308,191,8,3,1
309,191,8,3,1
310,191,8,3,1
311,191,8,3,1
312,191,8,3,1
313,191,8,3,1
314,191,8,3,1
315,191,8,3,1
316,191,8,3,1
317,191,8,3,1
318,191,8,3,1
319,191,8,3,1
320,191,8,3,1
321,191,8,3,1
322,191,8,3,1
401,190,7,4,2
402,192,7,4,2
403,192,7,4,2
404,192,7,4,2
405,192,7,4,2
406,192,7,4,2
407,190,7,4,2
408,190,7,4,2
409,192,7,4,2
410,192,7,4,2
411,192,7,4,2
412,190,7,4,2
413,190,7,4,2
414,192,7,4,2
415,192,7,4,2
416,192,7,4,2
417,192,7,4,2
418,192,7,4,2
419,190,7,4,2
420,190,7,4,2
421,192,7,4,2
501,175,1,1,1
502,175,1,1,1
503,175,1,1,1
504,175,1,1,1
505,175,1,1,1
506,182,1,1,1
507,182,1,1,1
508,182,1,1,1
509,182,1,1,1
510,175,1,1,1
511,182,1,1,1
512,175,1,1,1
513,175,1,1,1
514,182,1,1,1
515,181,1,5,1
516,175,1,1,1
517,175,1,5,1
518,175,1,1,1
519,175,1,1,1
520,181,1,5,1
521,175,1,1,1
522,182,1,1,1
523,181,1,5,1
524,175,1,1,1
525,175,1,1,1
526,175,1,1,1
527,175,1,1,1
528,182,1,1,1
529,182,1,1,1
601,190,7,3,2
602,190,7,3,2
603,190,7,3,2
604,190,7,3,2
605,190,7,3,2
606,190,7,3,2
607,190,7,3,2
608,190,7,3,2
609,190,7,3,2
610,190,7,3,2
611,190,7,3,2
612,190,7,3,2
613,190,7,3,2
614,190,7,3,2
615,190,7,3,2
616,190,7,3,2
617,190,7,3,2
618,190,7,3,2
701,180,2,7,1
702,180,2,7,1
703,180,2,7,1
704,180,2,7,1
705,180,2,7,1
706,180,2,7,1
707,180,2,7,1
708,180,2,7,1
709,180,2,7,1
710,180,2,7,1
711,180,2,7,1
712,180,2,7,1
713,180,2,7,1
714,180,2,7,1
715,180,2,7,1
716,180,2,7,1
717,180,2,7,1
718,180,2,7,1
719,180,2,7,1
720,180,2,7,1
721,180,2,7,1
722,180,2,7,1
723,180,2,7,1
801,182,1,2,2
802,182,1,2,2
803,182,1,2,2
804,182,1,2,2
805,182,1,2,2
806,182,1,2,2
807,182,1,2,2
808,182,1,5,2
809,182,1,2,2
810,182,1,5,2
811,182,1,5,2
812,182,1,2,2
813,182,1,2,2
814,182,1,2,2
815,182,1,5,2
816,182,1,5,2
817,182,1,5,2
818,182,1,5,2
819,182,1,5,2
820,182,1,2,2
821,182,1,2,2
822,182,1,5,2
823,182,1,5,2
824,182,1,5,2
825,182,1,5,2
826,182,1,5,2
827,182,1,2,2
828,182,1,2,2
829,182,1,5,2
830,182,1,5,2
901,200,4,8,2
902,200,4,8,2
903,200,4,8,2
904,200,4,8,2
905,200,4,8,2
906,200,4,8,2
907,200,4,8,2
908,200,4,8,2
909,200,4,8,2
910,200,4,8,2
911,200,4,8,2
912,200,4,8,2
913,200,4,8,2
914,200,4,8,2
915,200,4,8,2
916,200,4,8,2
917,200,4,8,2
1001,203,4,9,2
1002,203,4,9,2
1003,203,4,9,2
1004,203,4,9,2
1005,203,4,9,2
1006,203,4,9,2
1007,203,4,9,2
1008,203,4,9,2
1009,203,4,9,2
1010,203,4,9,2
1011,203,4,9,2
1012,203,4,9,2
1013,203,4,9,2
1014,203,4,9,2
1015,203,4,9,2
1016,203,4,9,2
1017,203,4,9,2
1018,203,4,9,2
1019,203,4,9,2
1020,203,4,9,2
1021,203,4,9,2
1022,203,4,9,2
1023,203,4,9,2
1024,203,4,9,2
1025,203,4,9,2
1026,203,4,9,2
1027,203,4,9,2
1028,203,4,9,2
1029,203,4,9,2
1101,197,3,8,2
1102,197,3,8,2
1103,197,3,8,2
1104,198,3,8,2
1105,198,3,8,2
1106,198,3,8,2
1107,197,3,8,2
1108,197,3,8,2
1109,198,3,8,2
1110,198,3,8,2
1111,197,3,8,2
1112,198,3,8,2
1113,197,3,8,2
1114,198,3,8,2
1115,198,3,8,2
1116,198,3,8,2
1117,198,3,8,2
1118,198,3,8,2
1119,197,3,8,2
1120,197,3,8,2
1201,198,4,8,2
1202,198,4,8,2
1203,198,4,8,2
1204,198,4,8,2
1205,198,4,8,2
1206,198,4,8,2
1207,198,4,8,2
1208,198,3,8,2
1209,198,4,8,2
1210,198,4,8,2
1211,198,3,8,2
1212,198,4,8,2
1213,198,4,8,2
1214,198,3,8,2
1215,198,3,8,2
1216,198,3,8,2
1217,198,3,8,2
1218,198,3,8,2
1219,198,3,8,2
1220,198,3,8,2
1221,198,3,8,2
1222,198,3,8,2
1223,198,3,8,2
1224,198,3,8,2
1301,198,3,8,2
1302,198,3,8,2
1303,198,3,8,2
1304,198,3,8,2
1305,198,3,8,2
1306,198,3,8,2
1307,198,3,8,2
1308,198,3,8,2
1309,198,3,8,2
1310,198,3,8,2
1311,198,3,8,2
1312,198,3,8,2
1313,198,3,8,2
1314,198,3,8,2
1315,198,3,8,2
1316,198,3,8,2
1317,198,3,8,2
1318,198,3,8,2
1319,198,3,8,2
1320,198,3,8,2
1321,198,3,8,2
1322,198,3,8,2
1323,198,3,8,2
1324,198,3,8,2
1325,198,3,8,2
1401,181,1,5,1
1402,181,1,5,1
1403,181,1,5,1
1404,181,1,5,1
1405,181,1,5,1
1406,181,1,5,1
1407,181,1,5,1
1408,181,1,5,1
1409,181,1,5,1
1410,181,1,5,1
1411,181,1,5,1
1501,195,1,5,1
1502,195,1,5,1
1503,195,1,5,1
1504,195,1,5,1
1505,195,1,5,1
1506,195,1,5,1
1507,195,1,5,1
1508,195,1,5,1
1509,195,1,5,1
1510,195,1,5,1
1511,195,1,5,1
1512,195,1,5,1
1513,195,1,5,1
1514,195,1,5,1
1515,195,1,5,2
1516,195,1,5,1
1517,195,1,5,1
1518,195,1,5,1
1519,195,1,5,1
1601,197,3,5,2
1602,197,3,5,2
1603,197,3,5,2
1604,197,3,5,2
1605,197,3,5,2
1606,181,3,5,2
1607,181,3,5,2
1608,181,3,5,2
1609,181,3,5,2
1610,181,3,5,2
1611,181,3,5,2
1612,181,3,5,2
1613,181,3,5,2
1614,181,3,5,2
1615,181,3,5,2
1616,181,3,5,2
1617,181,3,5,2
1618,181,3,5,2
1701,201,4,8,2
1702,201,4,8,2
1703,201,4,8,2
1704,201,4,8,2
1705,201,4,8,2
1706,201,4,8,2
1707,201,4,8,2
1708,201,4,8,2
1709,201,4,8,2
1710,201,4,8,2
1711,201,4,8,2
1712,201,4,8,2
1713,201,4,8,2
1714,201,4,8,2
1715,201,4,8,2
1716,198,4,8,2
1717,201,4,8,2
1718,201,4,8,2
1719,201,4,8,2
1720,201,4,8,2
1721,198,4,8,2
1722,198,4,8,2
1723,198,4,8,2
1724,198,4,8,2
1725,198,4,8,2
1726,201,4,8,2
1727,201,4,8,2
1728,201,4,8,2
1729,198,4,8,2
1801,181,1,5,1
1802,175,1,5,1
1803,181,1,7,1
1804,175,1,5,1
1805,175,1,1,1
1806,175,1,5,1
1807,175,1,5,1
1808,181,1,7,1
1809,181,1,5,1
1810,175,1,5,1
1811,175,1,5,1
1812,175,1,5,1
1813,181,1,7,1
1814,181,1,7,1
1815,181,1,7,1
1816,181,1,7,1
1817,175,1,7,1
1901,197,2,7,1
1902,197,2,7,1
1903,197,2,7,1
1904,197,2,7,1
1905,197,2,7,1
1906,197,2,7,1
1907,197,2,7,1
1908,197,2,7,1
1909,197,2,7,1
1910,197,2,7,1
1911,197,2,7,1
1912,197,2,7,1
1913,197,2,7,1
1914,197,2,7,1
1915,197,2,7,1
1916,197,2,7,1
1917,197,2,7,1
1918,197,2,7,1
1919,197,2,7,1
2001,181,3,5,1
2002,181,3,5,1
2003,181,3,5,1
2004,181,3,5,1
2005,181,3,5,1
2006,181,3,5,1
2007,181,3,5,2
2008,181,3,5,1
2009,181,3,5,2
2010,181,3,5,1
2011,181,3,5,1
2101,194,7,4,2
2102,194,7,4,2
2103,194,3,4,2
2104,194,7,4,2
2105,194,7,4,2
2106,194,7,4,2
2107,194,7,4,2
2108,194,7,4,2
2109,194,7,4,2
2110,194,7,4,2
2111,194,7,4,2
2112,194,7,4,2
2113,194,7,4,2
2114,194,7,4,2
2115,194,7,4,2
2116,194,7,4,2
2117,194,7,4,2
2118,194,7,4,2
2119,194,7,4,2
2120,194,7,4,2
2121,194,7,4,2
2122,194,7,4,2
2123,194,3,4,2
2124,194,3,4,2
2125,194,3,4,2
2126,194,3,4,2
2127,194,3,4,2
2128,194,3,4,2
2129,194,7,4,2
2130,194,3,4,2
2131,194,3,4,2
2132,194,3,4,2
2133,194,7,4,2
2134,194,7,4,2
2135,194,7,4,2
2136,194,7,4,2
2137,194,3,4,2
2138,194,3,4,2
2139,194,3,4,2
2140,194,3,4,2
2141,194,3,4,2
2142,194,3,4,2
2143,194,3,4,2
2144,194,3,4,2
2145,194,7,4,2
2201,200,4,8,2
2202,200,4,8,2
2203,200,4,8,2
2204,200,4,8,2
2205,200,4,8,2
2206,200,4,8,2
2207,200,4,8,2
2208,200,4,8,2
2209,200,4,8,2
2210,200,4,8,2
2211,200,4,8,2
2212,200,4,8,2
2213,200,4,8,2
2214,200,4,8,2
2215,200,4,8,2
2216,200,4,8,2
2217,200,4,8,2
2218,200,4,8,2
2219,200,4,8,2
2220,200,4,8,2
2221,200,4,8,2
2222,200,4,8,2
2223,200,4,8,2
2224,200,4,8,2
2225,200,4,8,2
2226,200,4,8,2
2227,200,4,8,2
2228,200,4,8,2
2229,200,4,8,2
2301,177,2,7,13
2302,179,2,7,13
2303,177,2,7,13
2304,177,2,7,13
2305,179,2,7,13
2306,179,2,7,13
2307,179,2,7,13
2308,177,2,7,13
2309,177,2,7,13
2310,179,2,7,13
2311,179,2,7,13
2312,179,2,7,13
2313,177,2,7,13
2314,177,2,7,13
2315,179,2,7,13
2316,179,2,7,13
2317,179,2,7,13
2318,179,2,7,13
2319,179,2,7,13
2320,179,2,7,13
2321,179,2,7,13
2322,179,2,7,13
2323,179,2,7,13
2401,195,7,3,2
2402,195,7,3,2
2403,195,7,3,2
2404,195,7,3,2
2405,195,7,3,2
2406,190,7,3,2
2407,190,7,3,2
2408,190,7,3,2
2409,195,7,3,2
2410,195,7,3,2
2411,195,7,3,2
2412,195,7,3,2
2413,195,7,3,2
2414,195,7,3,2
2415,195,7,3,2
2416,190,7,3,2
2417,190,7,3,2
2418,195,7,3,2
2419,195,7,3,2
2501,177,1,1,1
2502,177,1,1,1
2503,177,1,1,1
2504,177,1,1,1
2505,177,1,1,1
2506,177,1,1,1
2507,177,1,1,1
2508,177,1,1,1
2509,175,1,1,1
2510,177,1,1,1
2511,177,1,1,1
2512,177,1,1,1
2513,175,1,1,1
2514,175,1,7,1
2515,175,1,7,1
2516,175,1,1,1
2517,175,1,1,1
2518,175,1,1,1
2519,175,1,7,1
2520,175,1,7,1
2521,175,1,1,1
2522,177,1,1,1
2523,177,1,1,1
2524,175,1,1,1
2601,185,1,2,1
2602,185,1,2,1
2603,185,1,2,1
2604,185,1,2,1
2605,185,1,2,1
2606,185,1,2,1
2607,185,1,2,1
2608,185,1,2,1
2609,185,1,2,1
2610,185,1,2,1
2611,185,1,2,1
2612,185,1,2,1
2613,185,1,2,1
2614,185,1,2,1
2615,185,1,2,1
2616,185,1,2,1
2617,185,1,2,1
2618,185,1,2,1
2619,185,1,2,1
2620,185,1,2,1
2621,185,1,2,1
2622,185,1,2,1
2623,185,1,2,1
2701,188,8,3,2
2702,188,8,3,2
2703,188,7,3,2
2704,188,8,3,2
2705,188,8,3,2
2706,188,7,3,2
2707,188,8,3,2
2708,188,8,3,2
2709,188,8,3,2
2710,188,8,3,2
2711,188,7,3,2
2712,188,8,3,2
2713,188,7,3,2
2714,188,8,3,2
2715,188,8,3,2
2716,188,8,3,2
2717,188,8,3,2
2718,188,7,3,2
2719,188,8,3,2
2720,188,8,3,2
2721,188,8,3,2
2722,188,8,3,2
2723,188,8,3,2
2801,195,7,5,2
2802,195,7,5,2
2803,195,7,5,2
2804,195,7,5,2
2805,195,7,5,2
2806,195,7,5,2
2807,195,7,5,2
2808,195,7,5,2
2809,195,7,4,2
2810,195,7,5,2
2811,195,7,5,2
2812,195,7,5,2
2813,195,7,5,2
2814,195,7,5,2
2815,195,7,5,2
2816,195,7,4,2
2817,195,7,4,2
2818,195,7,4,2
2901,195,3,5,2
2902,195,3,5,2
2903,195,3,5,2
2904,195,3,5,2
2905,195,3,5,2
2906,195,3,5,2
2907,195,3,5,2
2908,195,3,5,2
2909,195,3,5,2
2910,195,1,5,2
2911,195,3,5,2
2912,195,3,5,2
2913,195,3,5,2
2914,195,3,5,2
2915,195,3,5,2
2916,195,3,5,2
2917,195,3,5,2
2918,195,3,5,2
3001,186,1,2,2
3002,186,1,2,2
3003,186,1,2,2
3004,186,1,2,2
3005,186,1,2,2
3006,186,1,2,2
3007,186,1,2,2
3008,186,1,2,2
3009,186,1,2,2
3010,186,1,2,2
3011,186,1,2,2
3012,186,1,2,2
3013,186,1,2,2
3014,186,1,2,2
3015,186,1,2,2
3016,186,1,2,2
3017,186,1,2,2
3101,175,2,1,1
3102,175,2,7,1
3103,175,2,1,1
3104,175,2,1,1
3105,175,2,1,1
3106,177,2,1,1
3107,175,1,1,1
3108,175,2,1,1
3109,175,2,7,1
3110,175,2,1,1
3111,175,2,1,1
3112,175,2,1,1
3113,175,2,1,1
3114,175,2,1,1
3115,177,2,1,1
3116,177,2,1,1
3117,177,2,1,1
3118,177,2,1,1
3119,177,2,1,1
3201,195,3,5,2
3202,195,3,5,2
3203,195,3,5,2
3204,195,3,5,2
3205,181,3,5,2
3206,181,3,5,2
3207,181,3,5,2
3208,181,3,5,2
3209,181,3,5,2
3210,195,3,5,2
3211,181,3,5,2
3212,181,3,5,2
3213,195,3,5,2
3214,195,3,5,2
3215,195,3,5,2
3216,195,3,5,2
3217,195,3,5,2
3218,195,3,5,2
3219,195,3,5,2
3220,195,3,5,2
3221,195,3,5,2
3222,195,3,5,2
3223,195,3,5,2
3224,195,3,5,2
3225,195,3,5,2
3226,195,3,5,2
3227,195,3,5,2
3228,195,3,5,2
3229,195,3,5,2
3230,195,3,5,2
3231,195,3,5,2
3301,180,2,7,1
3302,180,2,7,1
3303,180,2,7,1
3304,180,2,7,1
3305,180,2,7,1
3306,180,2,7,1
3307,180,2,7,1
3308,180,2,7,1
3309,180,2,7,1
3310,180,2,7,1
3311,180,2,7,1
3312,180,2,7,1
3313,180,2,7,1
3314,180,2,7,1
3315,180,2,7,1
3316,180,2,7,1
3317,180,2,7,1
3318,180,2,7,1
3319,180,2,7,1
3320,180,2,7,1
3321,180,2,7,1
3322,180,2,7,1
3323,180,2,7,1
3324,180,2,7,1
3401,192,7,4,1
3402,192,7,4,1
3403,192,7,4,1
3404,192,7,4,1
3405,192,7,4,1
3406,192,7,4,1
3407,192,7,4,1
3408,192,7,4,1
3409,192,7,4,1
3410,192,7,4,1
3411,192,7,4,1
3412,192,7,4,1
3413,192,7,4,1
3414,192,7,4,1
3415,192,7,4,1
3416,192,7,4,1
3417,192,7,4,1
3418,192,7,4,1
3419,192,7,4,1
3420,192,7,4,1
3421,192,7,4,1
3422,192,7,4,1
3423,192,7,4,1
3424,192,7,4,1
3425,192,7,4,1
3426,192,7,4,1
3427,192,7,4,1
3428,192,7,4,1
3429,192,7,4,1
3430,192,7,4,1
3431,192,7,4,1
3432,192,7,4,1
3433,192,7,4,1
3434,192,7,4,1
3435,192,7,4,1
3436,192,7,4,1
3437,192,7,4,1
3438,192,7,4,1
3439,192,7,4,1
3440,192,7,4,1
3441,192,7,4,1
3442,192,7,4,1
3501,202,2,9,13
3502,202,2,9,13
3503,202,2,9,13
3504,202,2,9,13
3505,202,2,9,13
3506,202,2,9,13
3507,202,2,9,13
3508,202,2,9,13
3509,203,2,9,13
3510,203,2,9,13
3511,203,2,9,13
3512,202,2,9,13
3513,203,2,9,13
3514,203,2,9,13
3515,179,2,9,13
3516,203,2,9,13
3517,203,2,9,13
3518,203,2,9,13
3519,203,2,9,13
3520,203,2,9,13
3521,203,2,9,13
3522,203,2,9,13
3523,179,2,9,13
3524,179,2,9,13
3525,203,2,9,13
3526,179,2,9,13
3527,203,2,9,13
3528,203,2,9,13
3529,179,2,9,13
3530,179,2,9,13
3531,203,2,9,13
3532,202,2,9,13
3601,186,8,2,2
3602,186,8,2,2
3603,186,8,2,2
3604,186,8,2,2
3605,186,8,2,2
3606,186,8,2,2
3607,186,8,2,2
3608,186,8,2,2
3609,186,8,2,2
3610,185,8,2,2
3611,185,8,2,2
3612,185,8,2,2
3613,185,8,2,2
3614,186,8,2,2
3615,185,8,2,2
3616,186,8,2,2
3617,186,8,2,2
3618,186,8,2,2
3619,186,8,2,2
3620,186,8,2,2
3621,186,8,2,2
3622,186,8,2,2
3623,186,8,2,2
3624,186,8,2,2
3625,186,8,2,2
3626,186,8,2,2
3627,186,8,2,2
3628,186,8,2,2
3629,186,8,2,2
3630,186,8,2,2
3631,186,8,2,2
3632,186,8,2,2
3633,186,8,2,2
3634,186,8,2,2
3635,186,8,2,2
3636,186,8,2,2
3637,186,8,2,2
3638,186,8,2,2
3639,186,8,2,2
3640,186,8,2,2
3641,186,8,2,2
3701,181,3,5,2
3702,181,3,5,2
3703,181,3,5,2
3704,181,3,5,2
3705,181,3,5,2
3706,181,3,5,2
3707,181,3,5,2
3708,181,3,5,2
3709,181,3,5,2
3710,181,3,5,2
3711,181,3,5,2
3712,181,3,5,2
3713,181,3,5,2
3714,181,3,5,2
3715,197,3,5,2
3716,197,3,5,2
3717,181,3,5,1
3718,197,3,5,1
3719,197,3,5,1
3720,197,3,5,1
3721,181,3,5,2
3801,194,7,4,2
3802,198,7,4,2
3803,198,7,4,2
3804,198,7,4,2
3805,198,7,4,2
3806,198,7,4,2
3807,194,7,4,2
3808,194,7,4,2
3809,190,7,4,2
3810,198,7,4,2
3811,198,7,4,2
3812,194,7,4,2
3813,194,7,4,2
3814,194,7,4,2
3815,194,7,4,2
3816,194,7,4,2
3817,198,7,4,2
3818,198,7,4,2
3819,194,7,4,2
3820,194,7,4,2
3821,198,7,4,2
3901,184,1,1,1
3902,184,1,1,1
3903,184,1,1,1
3904,184,1,1,1
3905,184,1,1,1
3906,184,1,1,1
3907,184,1,1,1
3908,184,1,1,1
3909,184,1,1,1
3910,184,1,1,1
3911,184,1,1,1
3912,184,1,1,1
3913,184,1,1,1
3914,184,1,2,1
3915,184,1,1,1
3916,184,1,1,1
3917,184,1,1,1
3918,184,1,1,1
3919,184,1,1,1
3920,184,1,1,1
3921,184,1,1,1
3922,184,1,1,1
3923,184,1,1,1
3924,184,1,1,1
3925,184,1,1,1
3926,184,1,1,1
3927,184,1,1,1
3928,184,1,1,1
3929,184,1,1,1
3930,184,1,1,1
3931,184,1,1,1
3932,184,1,1,1
3933,184,1,1,1
3934,184,1,1,1
3935,184,1,1,1
3936,184,1,2,1
3937,184,1,1,1
3938,184,1,1,1
3939,184,1,1,1
3940,184,1,1,1
3941,184,1,2,1
3942,184,1,1,1
3943,184,1,1,1
3944,184,1,1,1
3945,184,1,1,1
3946,184,1,1,1
4001,185,8,2,1
4002,191,8,2,1
4003,191,8,2,1
4004,191,8,3,1
4005,191,8,2,1
4006,191,8,2,1
4007,191,8,2,1
4008,191,8,2,1
4009,191,8,2,1
4010,191,8,2,1
4011,191,8,2,1
4012,191,8,2,1
4013,191,8,2,1
4014,191,8,3,1
4015,185,8,2,1
4016,185,8,2,1
4017,185,8,2,1
4018,185,8,2,1
4019,191,8,2,1
4020,191,8,2,1
4021,191,8,2,1
4022,185,8,2,1
4023,191,8,2,1
4024,191,8,2,1
4025,191,8,2,1
4026,191,8,2,1
4027,185,8,2,1
4028,185,8,3,1
4029,185,8,2,1
4030,185,1,2,1
4031,185,8,2,1
4032,185,8,2,1
4033,191,8,2,1
4034,191,8,2,1
4035,185,8,2,1
4036,185,8,2,1
4037,185,8,2,1
4038,185,1,2,1
4039,185,8,2,1
4040,185,1,2,1
4041,185,8,2,1
4042,185,8,2,1
4043,185,8,2,1
4044,185,8,2,1
4045,185,8,2,1
4046,185,8,2,1
4047,191,8,2,1
4048,185,8,2,1
4049,185,8,2,1
4050,185,8,2,1
4051,185,8,2,1
4101,179,5,6,1
4102,179,5,6,1
4103,179,5,6,1
4104,173,5,6,1
4105,177,5,6,1
4106,173,5,6,1
4107,177,5,6,1
4108,173,5,6,1
4109,173,5,6,1
4110,173,5,6,1
4111,173,5,6,1
4112,173,5,6,1
4113,173,5,6,1
4114,173,5,6,1
4115,173,5,6,1
4116,173,5,6,1
4117,173,5,6,1
4118,173,5,6,1
4119,172,5,6,1
4120,173,5,6,1
4121,173,5,6,1
4122,173,5,6,1
4123,172,5,6,1
4124,172,5,6,1
4125,173,5,6,1
4126,173,5,6,1
4201,180,3,7,13
4202,197,3,7,13
4203,197,3,7,13
4204,197,3,7,13
4205,197,3,7,13
4206,197,3,7,13
4207,197,3,7,13
4208,197,3,7,13
4209,197,3,7,13
4210,197,3,7,13
4211,197,3,7,13
4212,179,3,9,13
4213,179,3,8,13
4214,179,3,7,13
4215,179,3,9,13
4216,179,3,9,13
4217,179,3,8,13
4218,179,3,9,13
4219,179,3,9,13
4220,179,3,8,13
4221,179,3,8,13
4222,197,3,7,13
4223,180,3,7,13
4224,179,3,9,13
4225,179,3,9,13
4301,197,3,5,2
4302,197,3,7,2
4303,197,3,7,2
4304,197,3,7,2
4305,197,3,7,2
4306,197,3,7,2
4307,197,3,7,2
4308,197,3,7,2
4309,197,3,5,2
4310,197,3,5,2
4311,197,3,7,2
4312,197,3,7,2
4313,197,3,5,2
4314,197,3,5,2
4315,197,3,5,2
4316,197,3,5,2
4317,197,3,7,2
4318,197,3,7,2
4319,197,3,7,2
4320,197,3,7,2
4321,197,3,5,2
4322,197,3,5,2
4323,197,3,5,2
4324,197,3,5,2
4325,197,3,5,2
4401,190,7,3,2
4402,190,7,3,2
4403,190,7,3,2
4404,190,7,3,2
4405,190,7,3,2
4406,190,7,3,2
4407,190,7,3,2
4408,190,7,3,2
4409,190,7,3,2
4410,190,7,3,2
4411,190,7,3,2
4412,190,7,3,2
4413,190,7,3,2
4414,190,7,3,2
4415,190,7,3,2
4416,190,7,3,2
4417,190,7,3,2
4418,190,7,3,2
4419,190,7,3,2
4501,177,5,6,1
4502,177,5,6,1
4503,177,5,6,1
4504,177,5,6,1
4505,177,5,6,1
4506,177,5,6,1
4507,177,5,1,1
4508,180,5,1,1
4509,180,5,1,1
4510,180,5,1,1
4511,180,5,1,1
4512,177,5,6,1
4513,180,5,1,1
4514,180,5,1,1
4515,177,5,6,1
4516,180,5,1,1
4517,180,5,1,1
4518,177,5,1,1
4519,180,5,1,1
4520,177,5,6,1
4521,180,5,1,1
4522,177,5,1,1
4523,177,5,6,1
4524,177,5,1,1
4525,177,5,6,1
4601,188,8,3,2
4602,188,8,3,2
4603,188,8,3,2
4604,188,8,3,2
4605,188,8,3,2
4606,188,8,3,2
4607,188,8,3,2
4608,188,8,3,2
4609,188,8,3,2
4610,188,8,3,2
4611,188,8,3,2
4612,188,8,3,2
4613,188,8,3,2
4614,188,8,3,2
4615,188,8,3,2
4616,188,8,3,2
4617,188,8,3,2
4618,188,8,3,2
4619,188,8,3,2
4620,188,8,3,2
4621,188,8,3,2
4622,188,8,3,2
4623,188,8,3,2
4701,181,3,5,1
4702,181,3,5,2
4703,181,3,5,2
4704,181,3,5,2
4705,181,3,5,2
4706,181,3,5,2
4707,181,3,5,2
4708,181,3,5,2
4709,181,3,5,2
4710,181,3,5,2
4711,181,3,5,2
4712,181,3,5,2
4713,181,3,5,2
4714,181,3,5,2
4801,185,1,2,2
4802,185,1,2,2
4803,185,8,2,2
4804,186,8,2,2
4805,186,1,2,2
4806,186,8,2,2
4807,186,8,2,2
4808,186,8,2,2
4809,186,8,2,2
4810,186,8,2,2
4811,186,8,2,2
4812,186,8,2,2
4813,185,1,2,2
4814,184,1,2,2
4815,186,8,2,2
4816,186,8,2,2
4817,186,8,2,2
4818,186,1,2,2
4819,186,8,2,2
4820,184,1,2,2
4821,186,8,2,2
4822,186,8,2,2
4823,186,8,2,2
4901,197,3,7,2
4902,201,3,9,2
4903,201,3,9,2
4904,201,3,8,2
4905,201,3,8,2
4906,201,3,9,2
4907,201,3,9,2
4908,201,3,9,2
4909,201,3,8,2
4910,201,3,8,2
4911,201,3,8,2
4912,201,3,8,2
4913,201,3,8,2
4914,201,3,8,2
4915,201,3,8,2
4916,201,3,9,2
4917,201,3,9,2
4918,201,3,9,2
4919,201,3,8,2
4920,201,3,9,2
4921,201,3,9,2
4922,201,3,9,2
5001,200,4,9,2
5002,200,4,9,2
5003,200,4,9,2
5004,200,4,9,2
5005,200,4,9,2
5006,200,4,9,2
5007,200,4,9,2
5008,200,4,9,2
5009,200,4,9,2
5010,200,4,9,2
5011,200,4,9,2
5012,200,4,9,2
5013,200,4,9,2
5014,200,4,9,2
5015,200,4,9,2
5016,200,4,9,2
5017,200,4,9,2
5018,200,4,9,2
5019,200,4,9,2
5020,200,4,9,2
5021,200,4,9,2
5022,200,4,9,2
5023,200,4,9,2
5024,200,4,9,2
5025,200,4,9,2
5026,200,4,9,2
5027,200,4,9,2
5028,200,4,9,2
5029,200,4,9,2
5030,200,4,9,2
5101,191,8,3,2
5102,188,8,3,2
5103,186,8,3,2
5104,188,8,3,2
5105,188,8,3,2
5106,188,8,3,2
5107,186,8,3,2
5108,186,8,3,2
5109,186,8,3,2
5110,186,8,3,2
5111,186,8,3,2
5112,186,8,3,2
5113,188,8,3,2
5114,188,8,3,2
5115,188,8,3,2
5116,188,8,3,2
5117,188,8,3,2
5118,188,8,3,2
5119,188,8,3,2
5120,188,8,3,2
5121,186,8,3,2
5122,186,8,3,2
5123,191,8,3,2
5124,186,8,3,2
5125,191,8,3,2
5126,188,8,3,2
5127,191,8,3,2
5128,188,8,3,2
5201,190,7,4,2
5202,190,7,4,2
5203,190,7,4,2
5204,190,7,4,2
5205,192,7,4,2
5206,190,7,4,2
5207,190,7,4,2
5208,190,7,4,2
5209,190,7,4,2
5210,190,7,4,2
5211,190,7,4,2
5212,190,7,4,2
5213,190,7,4,2
5214,192,7,4,2
5215,192,7,4,2
5216,192,7,4,2
5217,192,7,4,2
5218,192,7,4,2
5219,192,7,4,2
5220,192,7,4,2
5221,190,7,4,2
5222,192,7,4,2
5223,192,7,4,2
5224,192,7,4,2
5225,192,7,4,2
5226,192,7,4,2
5227,192,7,4,2
5228,190,7,4,2
5301,179,2,9,13
5302,202,2,9,13
5303,202,2,9,13
5304,202,2,9,13
5305,202,2,9,13
5306,202,2,9,13
5307,202,2,9,13
5308,202,2,9,13
5309,202,2,9,13
5310,202,2,9,13
5311,202,2,9,13
5312,202,2,9,13
5313,202,2,9,13
5314,202,2,9,13
5315,202,2,9,13
5316,202,2,9,13
5317,202,2,9,13
5318,202,2,9,13
5319,202,2,9,13
5320,202,2,9,13
5321,202,2,9,13
5322,202,2,9,13
5323,202,2,9,13
5401,179,2,7,13
5402,202,2,7,13
5403,202,5,7,1
5404,202,5,7,13
5405,202,5,7,13
5406,202,5,7,13
5407,202,5,6,13
5408,202,5,6,13
5409,202,5,6,13
5410,172,5,6,13
5411,202,5,6,13
5412,202,5,6,13
5413,202,5,6,13
5414,172,5,6,1
5415,172,5,6,1
5416,202,5,6,1
5417,202,5,6,13
5418,202,5,6,13
5419,172,5,6,1
5420,172,5,6,1
5421,172,5,6,1
5422,172,5,6,13
5501,177,2,6,1
5502,177,2,6,1
5503,177,2,6,1
5504,173,2,6,1
5505,173,2,6,1
5506,177,2,6,1
5507,173,2,6,1
5508,177,2,6,1
5509,172,2,6,1
5510,172,2,6,1
5511,177,2,6,1
5512,177,2,6,1
5513,172,2,6,1
5514,172,2,6,1
5515,172,2,6,1
5516,172,2,6,1
5517,172,2,6,1
5518,177,2,6,1
5519,177,2,6,1
5520,177,2,6,1
5521,177,2,6,1
5522,177,2,6,1
5523,177,2,6,1
5524,177,2,6,13
5525,177,2,6,1
5526,173,2,6,1
5527,177,2,6,1
5528,173,2,6,1
5529,177,2,6,1
5601,172,5,10,13
5602,174,5,10,13
5603,172,5,10,13
5604,172,5,10,13
5605,174,5,10,13
5606,174,5,10,13
5607,202,5,10,13
5608,172,5,10,13
5609,172,5,10,13
5610,174,5,10,13
5611,174,5,10,13
5612,174,5,10,13
5613,172,5,10,13
5614,172,5,10,13
5615,172,5,10,13
5616,174,5,10,13
5617,174,5,10,13
5618,174,5,10,13
5619,174,5,10,13
5620,174,5,10,13
5621,174,5,10,13
5622,174,5,10,13
5623,174,5,10,13
5624,174,5,10,13
5625,174,5,10,13
5626,174,5,10,13
5627,174,5,10,13
5628,174,5,10,13
5629,174,5,10,13
5630,174,5,10,13
5631,174,5,10,13
5632,172,5,10,13
5633,172,5,10,13
5634,172,5,10,13
5635,174,5,10,13
5636,174,5,10,13
5637,174,5,10,13
5638,174,5,10,13
5639,174,5,10,13
5640,172,5,10,13
5641,174,5,10,13
5701,174,5,6,13
5702,174,5,6,13
5703,174,5,6,13
5704,174,5,6,13
5705,174,5,6,13
5706,174,5,6,13
5707,174,5,6,13
5708,174,5,6,13
5709,174,5,6,13
5710,174,5,6,13
5711,174,5,6,13
5712,174,5,6,13
5713,172,5,6,13
5714,172,5,6,13
5715,174,5,6,13
5716,174,5,6,13
5717,174,5,6,13
5718,174,5,6,1
5719,174,5,6,13
5720,174,5,6,13
5721,174,5,6,13
5722,174,5,6,13
5723,174,5,6,13
5724,174,5,6,13
5725,174,5,6,13
5726,174,5,6,13
5727,174,5,6,13
5728,174,5,6,13
5801,170,5,10,13
5802,170,5,10,13
5803,170,5,10,13
5804,170,5,10,13
5805,170,5,10,13
5806,170,5,10,13
5807,170,5,10,13
5808,170,5,10,13
5809,172,5,10,13
5810,172,5,10,13
5811,174,5,10,13
5812,170,5,10,13
5813,172,5,10,13
5814,170,5,10,13
5815,170,5,10,13
5816,172,5,10,13
5817,172,5,10,13
5818,170,5,10,13
5819,172,5,10,13
5820,170,5,10,13
5821,170,5,10,13
5822,170,5,10,13
5823,170,5,10,13
5824,170,5,10,13
5825,170,5,10,13
5826,172,5,10,13
5827,170,5,10,13
5828,174,5,10,13
5829,170,5,10,13
5830,170,5,10,13
5831,170,5,10,13
5832,170,5,10,13
5833,170,5,10,13
5834,170,5,10,13
5835,170,5,10,13
5836,170,5,10,13
5837,170,5,10,13
5838,170,5,10,13
5839,170,5,10,13
5840,170,5,10,13
5841,170,5,10,13
5842,170,5,10,13
5843,170,5,10,13
5844,170,5,10,13
5901,201,4,8,2
5902,201,4,8,2
5903,201,4,8,2
5904,201,4,8,2
5905,201,4,8,2
5906,201,4,8,2
5907,201,4,8,2
5908,201,4,8,2
5909,201,4,8,2
5910,201,4,8,2
5911,201,4,8,2
5912,201,4,8,2
5913,201,4,8,2
5914,201,4,8,2
5915,201,4,8,2
5916,201,4,8,2
5917,201,4,8,2
5918,201,4,8,2
5919,201,4,8,2
5920,201,4,8,2
5921,201,4,8,2
5922,201,4,8,2
5923,201,4,8,2
5924,201,4,8,2
5925,201,4,8,2
6001,188,7,3,2
6002,188,7,3,2
6003,188,7,3,2
6004,190,7,3,2
6005,190,8,3,2
6006,190,8,3,2
6007,191,8,3,2
6008,190,7,3,2
6009,190,7,3,2
6010,190,8,3,2
6011,190,8,3,2
6012,190,7,3,2
6013,190,7,3,2
6014,190,8,3,2
6015,190,8,3,2
6016,190,8,3,2
6017,190,8,3,2
6018,190,8,3,2
6019,191,8,3,2
6020,190,8,3,2
6021,190,8,3,2
6022,191,8,3,2
6023,188,7,3,2
6101,179,3,9,2
6102,179,3,9,2
6103,179,3,9,13
6104,203,3,9,13
6105,203,3,9,13
6106,203,3,9,2
6107,179,3,9,2
6108,203,3,9,13
6109,203,3,9,13
6110,203,3,9,13
6111,203,3,9,13
6112,203,3,9,13
6113,203,3,9,13
6114,203,3,9,13
6115,203,3,9,13
6116,203,3,9,13
6117,203,3,9,2
6118,203,3,9,13
6119,203,3,9,13
6120,203,3,9,13
6121,203,3,9,2
6122,203,3,9,2
6123,203,3,9,2
6124,203,3,9,2
6125,203,3,9,13
6126,203,3,9,13
6127,203,3,9,13
6128,203,3,9,13
6201,179,2,7,1
6202,179,2,7,1
6203,179,2,7,1
6204,179,2,7,1
6205,179,2,7,1
6206,179,2,7,1
6207,179,2,7,1
6208,179,2,7,1
6209,179,2,7,1
6210,179,2,7,13
6211,179,2,7,1
6212,179,2,7,1
6213,202,2,7,1
6214,179,2,7,1
6215,202,2,7,1
6216,202,2,7,1
6217,202,2,6,1
6218,202,2,7,1
6219,179,2,7,1
6220,202,2,7,13
6221,202,2,6,1
6222,202,2,6,1
6223,202,2,7,1
6224,202,2,6,1
6225,202,2,6,1
6226,202,2,6,1
6301,172,2,10,13
6302,172,2,10,13
6303,172,2,10,13
6304,172,2,10,13
6305,172,2,10,13
6306,172,2,10,13
6307,172,2,10,13
6308,172,2,10,13
6309,172,2,10,13
6310,172,2,10,13
6311,172,2,10,13
6312,172,2,10,13
6313,172,2,10,13
6314,172,2,10,13
6315,172,2,10,13
6316,152,2,10,13
6317,152,2,10,13
6318,152,2,10,13
6319,152,2,10,13
6320,152,2,10,13
6321,152,2,10,13
6322,172,2,10,13
6323,172,2,10,13
6324,152,2,10,13
6325,172,2,10,13
6401,172,2,6,13
6402,177,2,6,13
6403,172,2,6,13
6404,177,2,6,13
6405,172,2,6,13
6406,177,2,6,13
6407,172,5,6,13
6408,172,2,6,13
6409,172,2,6,13
6410,177,2,6,13
6411,177,2,6,13
6412,177,2,6,1
6413,177,2,6,13
6414,177,2,6,13
6415,172,5,6,13
6416,177,2,6,13
6417,177,2,6,13
6418,177,2,6,13
6501,173,5,6,1
6502,173,5,6,1
6503,173,5,6,1
6504,173,5,6,1
6505,173,5,6,1
6506,173,5,6,1
6507,173,5,6,1
6508,173,5,6,1
6509,173,5,6,1
6510,173,5,6,1
6511,173,5,6,1
6512,173,5,6,1
6513,173,5,6,1
6514,173,5,6,1
6515,173,5,6,1
6516,173,5,6,1
6517,173,5,6,1
6518,173,5,6,1
6519,173,5,6,1
6520,173,5,6,1
6521,173,5,6,1
6522,173,5,6,1
6523,173,5,6,1
6601,170,5,10,13
6602,173,5,10,13
6603,170,5,10,13
6604,170,5,10,13
6605,170,5,10,13
6606,170,5,10,13
6607,173,5,10,13
6608,170,5,10,13
6609,170,5,10,13
6610,170,5,10,13
6611,173,5,10,13
6612,170,5,10,13
6613,170,5,10,13
6614,170,5,10,13
6615,170,5,10,13
6616,170,5,10,13
6617,173,5,10,13
6618,170,5,10,13
6619,174,5,10,13
6620,170,5,10,13
6621,174,5,10,13
6622,170,5,10,13
6623,170,5,10,13
6624,173,5,10,13
6625,174,5,10,13
6626,174,5,10,13
6627,174,5,10,13
6628,174,5,10,13
6629,173,5,10,13
6630,173,5,10,13
6631,170,5,10,13
6632,173,5,10,13
6633,170,5,10,13
6634,170,5,10,13
6635,173,5,10,13
6636,173,5,10,13
6637,173,5,10,13
6638,170,5,10,13
6639,170,5,10,13
6640,170,5,10,13
6641,170,5,10,13
6642,173,5,10,13
6643,173,5,10,13
6644,173,5,10,13
6645,173,5,10,13
6646,174,5,10,13
